<?xml version="1.0" encoding="iso-8859-1"?><IR_Button>
<Version>1.0</Version>
<Type>0</Type>
<Info>
<Name/>
<Desc/>
<Author/>
<Copyright>Copyright � 2010</Copyright>
<URL/>
<Email/>
<Other/>
</Info>
<HitThreshold>200</HitThreshold>
<Caption>
<Text>B</Text>
<Font>
<Face>Segoe UI</Face>
<CharSet>0</CharSet>
<Size>14</Size>
<Bold>0</Bold>
<Italic>0</Italic>
<Underline>0</Underline>
<Strikeout>0</Strikeout>
</Font>
<CenterX>50</CenterX>
<CenterY>50</CenterY>
</Caption>
<Up>
<Normal>
<Image>normal.png</Image>
<FontColor>000000</FontColor>
<DeltaX>0</DeltaX>
<DeltaY>0</DeltaY>
</Normal>
<Highlight>
<Image>normal.png</Image>
<FontColor>000000</FontColor>
<DeltaX>0</DeltaX>
<DeltaY>0</DeltaY>
</Highlight>
<Disabled>
<Image>normal.png</Image>
<FontColor>999999</FontColor>
<DeltaX>0</DeltaX>
<DeltaY>0</DeltaY>
</Disabled>
</Up>
<Down>
<Normal>
<Image>press.png</Image>
<FontColor>000000</FontColor>
<DeltaX>0</DeltaX>
<DeltaY>0</DeltaY>
</Normal>
<Highlight>
<Image>press.png</Image>
<FontColor>000000</FontColor>
<DeltaX>0</DeltaX>
<DeltaY>0</DeltaY>
</Highlight>
<Disabled>
<Image>normal.png</Image>
<FontColor>808080</FontColor>
<DeltaX>0</DeltaX>
<DeltaY>0</DeltaY>
</Disabled>
</Down>
</IR_Button>
